year,month,day,hour,minute,value,tides
2024,1,7,3,6,0.11,l
2024,1,7,18,40,0.85,h
2024,1,8,3,42,-0.08,l
2024,1,8,19,7,0.99,h
2024,1,9,4,17,-0.24,l
2024,1,9,19,43,1.13,h
2024,1,10,4,53,-0.38,l
2024,1,10,20,25,1.25,h
2024,1,11,5,33,-0.48,l
2024,1,11,21,12,1.34,h
2024,1,12,6,15,-0.53,l
2024,1,12,22,3,1.37,h
2024,1,13,6,57,-0.51,l
2024,1,13,22,56,1.34,h
2024,1,14,7,41,-0.45,l
2024,1,14,23,50,1.26,h
2024,1,15,8,22,-0.34,l
2024,1,16,0,44,1.11,h
2024,1,16,8,58,-0.2,l
2024,1,16,15,39,0.31,h
2024,1,16,17,58,0.29,l
2024,1,17,1,38,0.9,h
2024,1,17,9,27,-0.06,l
2024,1,17,16,0,0.43,h
2024,1,17,20,8,0.32,l
2024,1,18,2,33,0.66,h
2024,1,18,9,41,0.07,l
2024,1,18,16,32,0.57,h
2024,1,18,22,33,0.28,l
2024,1,19,3,40,0.42,h
2024,1,19,9,30,0.17,l
2024,1,19,17,10,0.7,h
2024,1,20,1,30,0.14,l
2024,1,20,5,57,0.2,h
2024,1,20,8,6,0.19,l
2024,1,20,17,51,0.83,h
2024,1,21,3,12,-0.04,l
2024,1,21,18,33,0.94,h
2024,1,22,4,2,-0.2,l
2024,1,22,19,15,1.03,h
2024,1,23,4,36,-0.3,l
2024,1,23,19,57,1.11,h
2024,1,24,5,9,-0.36,l
2024,1,24,20,41,1.16,h
2024,1,25,5,40,-0.38,l
2024,1,25,21,24,1.18,h
2024,1,26,6,13,-0.36,l
2024,1,26,22,9,1.18,h
2024,1,27,6,45,-0.32,l
2024,1,27,22,51,1.15,h
2024,1,28,7,17,-0.24,l
2024,1,28,23,32,1.08,h
2024,1,29,7,46,-0.16,l
2024,1,30,0,10,0.98,h
2024,1,30,8,10,-0.07,l
2024,1,30,14,18,0.31,h
2024,1,30,16,47,0.28,l
2024,1,31,0,45,0.85,h
2024,1,31,8,24,0.02,l
2024,1,31,14,27,0.39,h
2024,1,31,18,4,0.32,l
2024,2,1,1,19,0.7,h
2024,2,1,8,26,0.09,l
2024,2,1,14,45,0.49,h
2024,2,1,20,23,0.34,l
2024,2,2,1,54,0.54,h
2024,2,2,8,17,0.15,l
2024,2,2,15,11,0.59,h
2024,2,2,22,44,0.28,l
2024,2,3,2,36,0.36,h
2024,2,3,7,57,0.18,l
2024,2,3,15,44,0.69,h
2024,2,4,0,48,0.15,l
2024,2,4,4,16,0.19,h
2024,2,4,6,34,0.18,l
2024,2,4,16,26,0.8,h
2024,2,5,2,20,-0.01,l
2024,2,5,17,17,0.92,h
2024,2,6,3,11,-0.18,l
2024,2,6,18,14,1.05,h
2024,2,7,3,52,-0.32,l
2024,2,7,19,11,1.17,h
2024,2,8,4,32,-0.42,l
2024,2,8,20,9,1.26,h
2024,2,9,5,12,-0.47,l
2024,2,9,21,9,1.32,h
2024,2,10,5,51,-0.46,l
2024,2,10,22,8,1.31,h
2024,2,11,6,30,-0.38,l
2024,2,11,13,10,0.21,h
2024,2,11,14,54,0.19,l
2024,2,11,23,5,1.24,h
2024,2,12,7,5,-0.26,l
2024,2,12,13,9,0.28,h
2024,2,12,16,26,0.17,l
2024,2,13,0,0,1.1,h
2024,2,13,7,34,-0.11,l
2024,2,13,13,24,0.39,h
2024,2,13,17,49,0.16,l
2024,2,14,0,51,0.91,h
2024,2,14,7,54,0.04,l
2024,2,14,13,48,0.53,h
2024,2,14,19,19,0.15,l
2024,2,15,1,44,0.68,h
2024,2,15,8,0,0.16,l
2024,2,15,14,21,0.66,h
2024,2,15,20,56,0.13,l
2024,2,16,2,42,0.44,h
2024,2,16,7,41,0.22,l
2024,2,16,15,1,0.77,h
2024,2,16,22,58,0.08,l
2024,2,17,4,17,0.23,h
2024,2,17,6,26,0.21,l
2024,2,17,15,46,0.86,h
2024,2,18,1,14,-0.02,l
2024,2,18,16,39,0.93,h
2024,2,19,2,46,-0.14,l
2024,2,19,17,39,0.97,h
2024,2,20,3,36,-0.23,l
2024,2,20,18,38,1.01,h
2024,2,21,4,10,-0.27,l
2024,2,21,19,35,1.05,h
2024,2,22,4,41,-0.28,l
2024,2,22,20,29,1.08,h
2024,2,23,5,11,-0.26,l
2024,2,23,21,19,1.08,h
2024,2,24,5,40,-0.21,l
2024,2,24,22,7,1.07,h
2024,2,25,6,7,-0.13,l
2024,2,25,12,17,0.3,h
2024,2,26,14,51,0.26,l
2024,2,26,22,51,1.02,h
2024,2,27,6,49,0.05,l
2024,2,27,12,24,0.44,h
2024,2,27,17,2,0.22,l
2024,2,28,0,9,0.82,h
2024,2,28,6,54,0.14,l
2024,2,28,12,39,0.53,h
2024,2,28,18,9,0.22,l
2024,2,29,0,45,0.69,h
2024,2,29,6,45,0.2,l
2024,2,29,12,58,0.62,h
2024,2,29,19,27,0.2,l
2024,3,1,1,22,0.55,h
2024,3,1,6,34,0.24,l
2024,3,1,13,20,0.71,h
2024,3,1,20,50,0.16,l
2024,3,2,2,5,0.4,h
2024,3,2,6,22,0.25,l
2024,3,2,13,48,0.8,h
2024,3,2,22,17,0.1,l
2024,3,3,3,15,0.26,h
2024,3,3,5,34,0.24,l
2024,3,3,14,23,0.88,h
2024,3,3,23,54,0.01,l
2024,3,4,15,12,0.95,h
2024,3,5,1,24,-0.12,l
2024,3,5,16,18,1.02,h
2024,3,6,2,29,-0.24,l
2024,3,6,17,37,1.09,h
2024,3,7,3,18,-0.32,l
2024,3,7,18,52,1.16,h
2024,3,8,4,1,-0.36,l
2024,3,8,20,2,1.21,h
2024,3,9,4,39,-0.33,l
2024,3,9,21,9,1.2,h
2024,3,10,5,15,-0.25,l
2024,3,10,11,28,0.32,h
2024,3,10,14,44,0.22,l
2024,3,10,22,13,1.14,h
2024,3,11,5,47,-0.11,l
2024,3,11,11,34,0.42,h
2024,3,11,16,8,0.14,l
2024,3,11,23,13,1.02,h
2024,3,12,6,12,0.04,l
2024,3,12,11,51,0.56,h
2024,3,12,17,24,0.06,l
2024,3,13,0,9,0.85,h
2024,3,13,6,26,0.18,l
2024,3,13,12,15,0.71,h
2024,3,13,18,39,0.01,l
2024,3,14,1,4,0.65,h
2024,3,14,6,24,0.29,l
2024,3,14,12,45,0.84,h
2024,3,14,19,55,-0.03,l
2024,3,15,2,6,0.45,h
2024,3,15,5,53,0.33,l
2024,3,15,13,19,0.94,h
2024,3,15,21,19,-0.05,l
2024,3,16,13,57,0.99,h
2024,3,16,22,57,-0.09,l
2024,3,17,14,41,1.01,h
2024,3,18,0,33,-0.13,l
2024,3,18,15,36,1,h
2024,3,19,1,49,-0.17,l
2024,3,19,16,50,0.98,h
2024,3,20,2,42,-0.19,l
2024,3,20,18,3,0.97,h
2024,3,21,3,23,-0.18,l
2024,3,21,19,11,0.97,h
2024,3,22,3,57,-0.14,l
2024,3,22,20,13,0.96,h
2024,3,23,4,26,-0.08,l
2024,3,23,11,16,0.4,h
2024,3,23,13,26,0.38,l
2024,3,23,21,9,0.94,h
2024,3,24,4,51,0.01,l
2024,3,24,10,53,0.44,h
2024,3,24,15,2,0.31,l
2024,3,24,22,0,0.89,h
2024,3,25,5,11,0.1,l
2024,3,25,10,53,0.52,h
2024,3,25,16,8,0.24,l
2024,3,25,22,47,0.83,h
2024,3,26,5,20,0.2,l
2024,3,26,11,4,0.62,h
2024,3,26,17,6,0.18,l
2024,3,26,23,31,0.74,h
2024,3,27,5,15,0.27,l
2024,3,27,11,21,0.71,h
2024,3,27,18,1,0.12,l
2024,3,28,0,14,0.63,h
2024,3,28,5,3,0.32,l
2024,3,28,11,39,0.81,h
2024,3,28,18,55,0.07,l
2024,3,29,0,57,0.51,h
2024,3,29,4,57,0.34,l
2024,3,29,11,59,0.89,h
2024,3,29,19,51,0.02,l
2024,3,30,1,49,0.4,h
2024,3,30,4,42,0.34,l
2024,3,30,12,21,0.96,h
2024,3,30,20,51,-0.02,l
2024,4,1,13,33,1.06,h
2024,4,1,23,24,-0.14,l
2024,4,2,14,28,1.08,h
2024,4,3,0,43,-0.2,l
2024,4,3,15,45,1.08,h
2024,4,4,1,48,-0.25,l
2024,4,4,17,18,1.09,h
2024,4,5,2,39,-0.25,l
2024,4,5,18,42,1.08,h
2024,4,6,3,19,-0.2,l
2024,4,6,10,33,0.41,h
2024,4,6,12,13,0.4,l
2024,4,6,19,58,1.05,h
2024,4,7,3,54,-0.1,l
2024,4,7,10,8,0.47,h
2024,4,7,14,19,0.29,l
2024,4,7,21,12,0.98,h
2024,4,8,4,22,0.03,l
2024,4,8,10,15,0.59,h
2024,4,8,15,43,0.14,l
2024,4,8,22,22,0.87,h
2024,4,9,4,43,0.18,l
2024,4,9,10,32,0.74,h
2024,4,9,16,54,0.01,l
2024,4,9,23,27,0.72,l
2024,4,10,4,51,0.92,h
2024,4,10,10,55,0.9,h
2024,4,10,18,1,-0.09,l
2024,4,11,0,34,0.57,h
2024,4,11,4,36,0.4,l
2024,4,11,11,24,1.03,h
2024,4,11,19,6,-0.16,l
2024,4,12,1,24,0.42,h
2024,4,12,3,48,0.4,l
2024,4,12,11,56,1.12,h
2024,4,12,20,14,-0.19,l
2024,4,13,12,31,1.15,h
2024,4,13,21,26,-0.2,l
2024,4,14,13,10,1.15,h
2024,4,14,22,40,-0.19,l
2024,4,15,13,54,1.1,h
2024,4,15,23,51,-0.18,l
2024,4,16,14,50,1.04,h
2024,4,17,0,54,-0.15,l
2024,4,17,16,6,0.97,h
2024,4,18,1,44,-0.11,l
2024,4,18,17,27,0.91,h
2024,4,19,2,25,-0.06,l
2024,4,19,18,41,0.85,h
2024,4,20,2,58,0.02,l
2024,4,20,10,9,0.53,h
2024,4,20,3,33,0.48,l
2024,4,20,19,51,0.8,h
2024,4,21,3,21,0.11,l
2024,4,21,9,45,0.58,h
2024,4,21,15,0,0.37,l
2024,4,21,20,55,0.74,h
2024,4,22,3,34,0.21,l
2024,4,22,9,42,0.66,h
2024,4,22,16,0,0.25,l
2024,4,22,22,53,0.68,h
2024,4,23,3,33,0.3,l
2024,4,23,9,52,0.77,h
2024,4,23,16,51,0.14,l
2024,4,23,22,47,0.61,h
2024,4,24,3,22,0.36,l
2024,4,24,10,9,0.88,h
2024,4,24,17,37,0.04,l
2024,4,24,23,39,0.53,h
2024,4,25,3,16,0.39,l
2024,4,25,10,28,0.98,h
2024,4,25,18,22,-0.04,l
2024,4,26,0,37,0.45,h
2024,4,26,3,11,0.4,l
2024,4,26,10,49,1.06,h
2024,4,26,19,7,-0.1,l
2024,4,27,11,11,1.13,h
2024,4,27,19,55,-0.15,l
2024,4,28,11,39,1.18,h
2024,4,28,20,49,-0.19,l
2024,4,29,12,18,1.2,h
2024,4,29,21,51,-0.21,l
2024,4,30,13,6,1.19,h
2024,4,30,23,1,-0.23,l
2024,5,1,14,10,1.15,h
2024,5,2,0,9,-0.22,l
2024,5,2,15,34,1.08,h
2024,5,3,1,6,0.18,l
2024,5,3,17,8,1,h
2024,5,4,1,51,-0.1,l
2024,5,4,9,21,0.52,h
2024,5,4,11,27,0.51,l
2024,5,4,18,34,0.9,h
2024,5,5,2,26,0.02,l
2024,5,5,8,56,0.59,h
2024,5,5,13,48,0.36,l
2024,5,5,20,0,0.8,h
2024,5,6,2,51,0.16,l
2024,5,6,9,2,0.73,h
2024,5,6,15,12,0.18,l
2024,5,6,21,27,0.68,h
2024,5,7,3,3,0.29,l
2024,5,7,9,19,0.89,h
2024,5,7,16,21,0,l
2024,5,7,22,48,0.57,h
2024,5,8,2,59,0.4,l
2024,5,8,9,42,1.04,h
2024,5,8,17,22,-0.14,l
2024,5,9,0,14,0.47,h
2024,5,9,2,27,0.44,l
2024,5,9,10,11,1.17,h
2024,5,9,18,21,-0.24,l
2024,5,10,10,42,1.26,h
2024,5,10,19,20,-0.28,l
2024,5,11,11,18,1.29,h
2024,5,11,20,18,-0.29,l
2024,5,12,11,56,1.28,h
2024,5,12,21,15,-0.26,l
2024,5,13,12,38,1.23,h
2024,5,13,22,12,-0.22,l
2024,5,14,13,24,1.15,h
2024,5,14,23,7,-0.16,l
2024,5,15,14,18,1.05,h
2024,5,15,23,57,-0.09,l
2024,5,16,15,24,0.94,h
2024,5,17,0,38,-0.01,l
2024,5,17,16,44,0.82,h
2024,5,18,1,10,0.08,l
2024,5,18,9,14,0.61,h
2024,5,18,12,45,0.56,l
2024,5,18,18,3,0.71,h
2024,5,19,1,31,0.18,l
2024,5,19,8,40,0.66,h
2024,5,19,14,32,0.43,l
2024,5,19,19,27,0.61,h
2024,5,20,1,39,0.27,l
2024,5,20,8,34,0.76,h
2024,5,20,15,34,0.29,l
2024,5,20,20,48,0.53,h
2024,5,21,1,31,0.35,l
2024,5,21,8,42,0.87,h
2024,5,21,16,21,0.14,l
2024,5,21,22,0,0.47,h
2024,5,22,1,21,0.39,l
2024,5,22,8,57,0.99,h
2024,5,22,17,3,0.01,l
2024,5,22,23,13,0.43,h
2024,5,23,1,14,0.41,l
2024,5,23,9,18,1.1,h
2024,5,23,17,43,-0.1,l
2024,5,24,9,42,1.2,h
2024,5,24,18,23,-0.18,l
2024,5,25,10,10,1.27,h
2024,5,25,19,6,-0.24,l
2024,5,26,10,43,1.31,h
2024,5,26,19,51,-0.27,l
2024,5,27,11,22,1.33,h
2024,5,27,20,42,-0.28,l
2024,5,28,12,10,1.31,h
2024,5,28,21,38,-0.26,l
2024,5,29,13,7,1.25,h
2024,5,29,22,35,-0.21,l
2024,5,30,14,13,1.14,h
2024,5,30,23,29,-0.14,l
2024,5,31,15,30,1,h
2024,6,1,0,14,-0.03,l
2024,6,1,7,55,0.58,h
2024,6,1,10,15,0.56,l
2024,6,1,16,57,0.83,h
2024,6,2,0,46,0.11,l
2024,6,2,7,36,0.67,h
2024,6,2,13,0,0.43,l
2024,6,2,18,31,0.66,h
2024,6,3,1,3,0.25,l
2024,6,3,7,46,0.81,h
2024,6,3,14,36,0.24,l
2024,6,3,20,24,0.52,h
2024,6,4,0,59,0.36,l
2024,6,4,8,6,0.97,h
2024,6,4,15,45,0.04,l
2024,6,4,22,22,0.44,h
2024,6,5,0,30,0.42,l
2024,6,5,8,32,1.12,h
2024,6,5,16,44,-0.13,l
2024,6,6,9,3,1.25,h
2024,6,6,17,33,-0.24,l
2024,6,7,9,36,1.33,h
2024,6,7,18,29,-0.3,l
2024,6,8,10,14,1.37,h
2024,6,8,19,18,0.31,l
2024,6,9,10,54,1.37,h
2024,6,9,20,5,-0.28,l
2024,6,10,11,36,1.32,h
2024,6,10,20,51,0.22,l
2024,6,11,12,21,1.25,h
2024,6,11,21,35,-0.15,l
2024,6,12,13,7,1.15,h
2024,6,12,22,15,-0.07,l
2024,6,13,13,54,1.03,h
2024,6,13,22,50,0.02,l
2024,6,14,14,45,0.89,h
2024,6,14,23,16,0.12,l
2024,6,15,15,48,0.73,h
2024,6,15,23,32,0.22,l
2024,6,16,7,19,0.69,h
2024,6,16,13,9,0.51,l
2024,6,16,17,15,0.58,h
2024,6,16,23,34,0.3,l
2024,6,17,7,12,0.79,h
2024,6,17,14,45,0.35,l
2024,6,17,19,10,0.45,h
2024,6,17,23,23,0.36,l
2024,6,18,7,21,0.91,h
2024,6,18,15,39,0.19,l
2024,6,19,7,39,1.03,h
2024,6,19,16,21,0.04,l
2024,6,20,8,3,1.16,h
2024,6,20,16,57,-0.09,l
2024,6,21,8,33,1.27,h
2024,6,21,17,35,-0.19,l
2024,6,22,9,9,1.35,h
2024,6,22,18,15,-0.27,l
2024,6,23,9,49,1.41,h
2024,6,23,18,57,-0.3,l
2024,6,24,10,35,1.43,h
2024,6,24,19,41,0.3,l
2024,6,25,11,25,1.42,h
2024,6,25,20,27,-0.25,l
2024,6,26,12,20,1.35,h
2024,6,26,21,12,-0.18,l
2024,6,27,13,18,1.23,h
2024,6,27,21,54,0.7,l
2024,6,28,14,18,1.6,h
2024,6,28,22,30,0.6,h
2024,6,29,5,33,0.59,h
2024,6,29,8,55,0.53,l
2024,6,29,15,25,0.85,h
2024,6,29,22,54,0.2,l
2024,6,30,5,48,0.71,h
2024,6,30,11,31,0.46,l
2024,6,30,16,50,0.63,h
2024,6,30,22,57,0.32,l
2024,7,1,6,13,0.86,h
2024,7,1,13,46,0.29,l
2024,7,1,19,5,0.44,h
2024,7,1,22,24,0.39,l
2024,7,2,6,42,1.1,h
2024,7,2,15,12,0.1,l
2024,7,3,7,16,1.15,h
2024,7,3,16,11,-0.06,l
2024,7,4,7,54,1.27,h
2024,7,4,16,59,0.18,l
2024,7,5,8,33,1.36,h
2024,7,5,17,42,-0.24,l
2024,7,6,9,15,1.39,h
2024,7,6,18,22,-0.26,l
2024,7,7,9,59,1.4,h
2024,7,7,19,2,-0.23,l
2024,7,8,10,44,1.37,h
2024,7,8,19,40,-0.17,l
2024,7,9,11,29,1.32,h
2024,7,9,20,15,-0.09,l
2024,7,10,12,13,1.24,h
2024,7,10,20,48,0,l
2024,7,11,12,55,1.12,h
2024,7,11,21,16,0.9,l
2024,7,12,13,36,0.98,l
2024,7,12,21,35,1.9,h
2024,7,13,4,50,0.59,h
2024,7,13,6,57,0.58,l
2024,7,13,14,15,0.82,h
2024,7,13,21,42,0.27,l
2024,7,14,4,43,0.69,h
2024,7,14,10,44,0.55,l
2024,7,14,15,0,0.65,h
2024,7,14,21,36,0.34,l
2024,7,15,5,0,0.8,h
2024,7,15,12,50,0.44,l
2024,7,15,16,17,0.47,h
2024,7,15,21,7,0.38,l
2024,7,16,5,27,0.92,h
2024,7,16,14,30,0.28,l
2024,7,17,5,58,1.04,h
2024,7,17,15,24,0.12,l
2024,7,18,6,34,1.16,h
2024,7,18,16,3,-0.02,l
2024,7,19,7,15,1.27,h
2024,7,19,16,40,-0.14,l
2024,7,20,8,0,1.38,h
2024,7,20,17,18,-0.22,l
2024,7,21,8,50,1.45,h
2024,7,21,17,58,-0.26,l
2024,7,22,9,43,1.49,h
2024,7,22,18,39,-0.25,l
2024,7,23,10,39,1.48,h
2024,7,23,19,18,-0.2,l
2024,7,24,11,35,1.42,h
2024,7,24,19,56,0.1,l
2024,7,25,2,42,0.45,h
2024,7,25,4,15,0.44,l
2024,7,25,12,30,1.29,h
2024,7,25,20,29,0.03,l
2024,7,26,2,46,0.54,h
2024,7,26,6,5,0.45,l
2024,7,26,13,24,1.11,h
2024,7,26,20,54,0.17,l
2024,7,27,3,9,0.66,h
2024,7,27,7,54,0.45,l
2024,7,27,14,21,0.89,h
2024,7,27,21,8,0.3,l
2024,7,28,3,41,0.8,h
2024,7,28,9,51,0.41,l
2024,7,28,15,27,0.65,h
2024,7,28,21,0,0.39,l
2024,7,29,4,19,0.93,h
2024,7,29,12,12,0.31,l
2024,7,29,17,19,0.43,h
2024,7,29,19,48,0.42,l
2024,7,30,5,2,1.5,h
2024,7,30,14,15,0.16,l
2024,7,31,5,48,1.16,h
2024,7,31,15,30,0.01,l
2024,8,1,6,37,1.24,h
2024,8,1,16,18,0.9,l
2024,8,2,7,26,1.31,h
2024,8,2,16,54,-0.14,l
2024,8,3,8,16,1.35,h
2024,8,3,17,27,-0.15,l
2024,8,4,9,6,1.37,h
2024,8,4,18,0,-0.12,l
2024,8,5,9,54,1.36,h
2024,8,5,18,33,-0.07,l
2024,8,6,10,41,1.32,h
2024,8,6,19,3,0.01,l
2024,8,7,11,25,1.25,h
2024,8,7,19,30,0.1,l
2024,8,8,1,42,0.5,h
2024,8,8,3,53,0.47,l
2024,8,8,12,7,1.15,h
2024,8,8,19,53,0.2,l
2024,8,9,1,42,0.57,h
2024,8,9,5,12,0.49,l
2024,8,9,12,45,1.02,h
2024,8,9,20,4,0.29,l
2024,8,10,1,54,0.67,h
2024,8,10,6,46,0.51,l
2024,8,10,13,23,0.87,h
2024,8,10,20,0,0.37,l
2024,8,11,2,13,0.77,h
2024,8,11,8,49,0.49,l
2024,8,11,14,0,0.71,h
2024,8,11,19,42,0.41,l
2024,8,12,2,39,0.87,h
2024,8,12,10,30,0.43,l
2024,8,12,14,45,0.55,h
2024,8,12,19,21,0.42,l
2024,8,13,3,12,0.96,h
2024,8,13,12,13,0.33,l
2024,8,14,3,52,1.06,h
2024,8,14,13,48,0.2,l
2024,8,15,4,42,1.15,h
2024,8,15,14,48,0.06,l
2024,8,16,5,42,1.24,h
2024,8,16,15,33,-0.05,l
2024,8,17,6,42,1.34,h
2024,8,17,16,13,-0.14,l
2024,8,18,7,42,1.42,h
2024,8,18,16,52,-0.18,l
2024,8,19,8,42,1.46,h
2024,8,19,17,30,-0.17,l
2024,8,20,9,43,1.46,h
2024,8,20,18,7,-0.1,l
2024,8,21,0,42,0.46,h
2024,8,21,2,37,0.44,l
2024,8,21,10,44,1.4,h
2024,8,21,18,40,0.02,l
2024,8,22,0,39,0.53,h
2024,8,22,4,13,0.4,l
2024,8,22,11,41,1.28,h
2024,8,22,19,8,0.16,l
2024,8,23,0,54,0.65,h
2024,8,23,5,39,0.36,l
2024,8,23,12,36,1.1,h
2024,8,23,19,26,0.3,l
2024,8,24,1,18,0.79,h
2024,8,24,7,6,0.33,l
2024,8,24,13,32,0.88,h
2024,8,24,19,30,0.41,l
2024,8,25,1,49,0.93,h
2024,8,25,8,37,0.29,l
2024,8,25,14,34,0.66,h
2024,8,25,19,9,0.48,l
2024,8,26,2,27,1.05,h
2024,8,26,10,23,0.23,l
2024,8,26,16,19,0.46,h
2024,8,26,17,45,0.45,l
2024,8,27,3,12,1.13,h
2024,8,27,12,24,0.15,l
2024,8,28,4,4,1.19,h
2024,8,28,14,4,0.05,l
2024,8,29,5,5,1.22,h
2024,8,29,15,8,-0.02,l
2024,8,30,6,7,1.24,h
2024,8,30,15,50,-0.05,l
2024,9,1,1,6,1.27,h
2024,9,1,16,54,-0.02,l
2024,9,2,9,0,1.26,h
2024,9,2,17,23,0.04,l
2024,9,3,9,50,1.23,h
2024,9,3,17,49,0.13,l
2024,9,3,23,55,0.53,h
2024,9,4,2,48,0.48,l
2024,9,4,10,37,1.17,h
2024,9,4,18,12,0.22,l
2024,9,4,23,51,0.6,h
2024,9,5,4,5,0.45,l
2024,9,5,11,21,1.08,h
2024,9,5,18,27,0.32,l
2024,9,6,0,0,0.7,h
2024,9,6,5,16,0.42,l
2024,9,6,12,3,0.97,h
2024,9,6,18,29,0.41,l
2024,9,7,0,17,0.79,h
2024,9,7,6,30,0.4,l
2024,9,7,12,43,0.84,h
2024,9,7,18,12,0.46,l
2024,9,8,0,37,0.89,h
2024,9,8,7,44,0.36,l
2024,9,8,13,24,0.7,h
2024,9,8,17,58,0.48,l
2024,9,9,1,0,0.97,h
2024,9,9,8,55,0.32,l
2024,9,9,14,10,0.56,h
2024,9,9,17,40,0.48,l
2024,9,10,1,28,1.05,h
2024,9,10,10,12,0.26,l
2024,9,11,2,3,1.11,h
2024,9,11,11,38,0.19,l
2024,9,12,2,48,1.16,h
2024,9,12,13,0,0.99,l
2024,9,13,3,48,1.21,h
2024,9,13,14,5,-0.01,l
2024,9,14,5,6,1.26,h
2024,9,14,14,55,-0.08,l
2024,9,15,6,22,1.31,h
2024,9,15,15,37,-0.11,l
2024,9,16,7,31,1.34,h
2024,9,16,16,15,-0.08,l
2024,9,17,8,39,1.33,h
2024,9,17,16,48,0,l
2024,9,17,23,2,0.54,h
2024,9,18,2,21,0.44,l
2024,9,18,9,47,1.27,h
2024,9,18,17,18,0.13,l
2024,9,18,23,2,0.54,h
2024,9,19,3,51,0.34,l
2024,9,19,10,51,1.15,h
2024,9,19,17,41,0.27,l
2024,9,19,23,22,0.78,h
2024,9,20,5,9,0.24,l
2024,9,20,11,51,0.98,h
2024,9,20,17,53,0.42,l
2024,9,20,23,47,0.93,h
2024,9,21,6,24,0.16,l
2024,9,21,12,53,0.79,h
2024,9,21,17,45,0.51,l
2024,9,22,0,16,1.07,h
2024,9,22,7,39,0.1,l
2024,9,22,14,4,0.6,h
2024,9,22,17,6,0.53,l
2024,9,23,0,51,1.17,h
2024,9,23,9,2,0.06,l
2024,9,24,1,31,1.23,h
2024,9,24,10,36,0.03,l
2024,9,25,2,17,1.24,h
2024,9,25,12,8,-0.01,l
2024,9,26,3,15,1.21,h
2024,9,26,13,23,-0.03,l
2024,9,27,4,27,1.18,h
2024,9,27,14,19,-0.03,l
2024,9,28,5,41,1.14,h
2024,9,28,15,0,-0.01,l
2024,9,29,6,49,1.12,h
2024,9,29,15,34,0.04,l
2024,9,30,7,52,1.09,h
2024,9,30,16,3,0.11,l
2024,9,30,22,49,0.58,h
2024,10,1,1,31,0.55,l
2024,10,1,8,51,1.04,h
2024,10,1,16,27,0.21,l
2024,10,1,22,30,0.63,h
2024,10,2,3,6,0.47,l
2024,10,2,9,5,0.99,h
2024,10,2,16,45,0.31,l
2024,10,2,22,29,0.72,h
2024,10,3,4,12,0.38,l
2024,10,3,10,35,0.91,h
2024,10,3,16,46,0.4,l
2024,10,3,22,40,0.82,h
2024,10,4,5,12,0.3,l
2024,10,4,11,22,0.82,h
2024,10,4,16,36,0.47,l
2024,10,4,22,57,0.92,h
2024,10,5,6,6,0.23,l
2024,10,5,12,9,0.71,h
2024,10,5,16,22,0.5,l
2024,10,5,23,18,1.01,h
2024,10,6,7,0,0.18,l
2024,10,6,12,58,0.6,h
2024,10,6,16,13,0.51,l
2024,10,6,23,38,1.08,h
2024,10,7,7,52,0.13,l
2024,10,7,14,4,0.5,h
2024,10,7,15,42,0.49,l
2024,10,8,0,0,1.13,h
2024,10,8,8,48,0.09,l
2024,10,9,0,29,1.18,h
2024,10,9,9,53,0.05,l
2024,10,10,1,6,1.2,h
2024,10,10,11,6,0,l
2024,10,11,1,58,1.2,h
2024,10,11,12,20,-0.05,l
2024,10,12,3,9,1.19,h
2024,10,12,13,21,-0.09,l
2024,10,13,4,41,1.17,h
2024,10,13,14,11,-0.09,l
2024,10,14,6,9,1.15,h
2024,10,14,14,51,-0.04,l
2024,10,14,22,22,0.57,h
2024,10,14,23,45,0.56,l
2024,10,15,7,26,1.1,h
2024,10,15,15,24,0.06,l
2024,10,15,21,42,0.61,h
2024,10,16,2,0,0.43,l
2024,10,16,8,43,1.03,h
2024,10,16,15,19,0.19,l
2024,10,16,21,45,0.74,h
2024,10,17,3,26,0.26,l
2024,10,17,9,58,0.91,h
2024,10,17,16,6,0.33,l
2024,10,17,21,45,0.74,h
2024,10,18,4,37,0.26,l
2024,10,18,11,10,0.78,h
2024,10,18,16,9,0.46,l
2024,10,18,22,25,1.05,h
2024,10,19,5,44,-0.03,l
2024,10,19,12,24,0.63,h
2024,10,19,15,46,0.52,l
2024,10,19,22,54,1.19,h
2024,10,20,6,50,-0.11,l
2024,10,20,23,27,1.28,h
2024,10,21,7,57,-0.16,l
2024,10,22,0,4,1.32,h
2024,10,22,9,9,-0.17,l
2024,10,23,0,45,1.3,h
2024,10,23,10,23,-0.16,l
2024,10,24,1,33,1.24,h
2024,10,24,11,33,-0.13,l
2024,10,25,2,29,1.15,h
2024,10,25,12,23,-0.09,l
2024,10,26,3,44,1.05,h
2024,10,26,13,21,-0.04,l
2024,10,27,5,6,0.97,h
2024,10,27,14,0,0.03,l
2024,10,28,6,21,0.89,h
2024,10,28,14,31,0.12,l
2024,10,28,21,38,0.63,h
2024,10,29,1,52,0.54,l
2024,10,29,7,34,0.81,h
2024,10,29,14,53,0.21,l
2024,10,29,21,21,0.69,h
2024,10,30,3,9,0.41,l
2024,10,30,8,43,0.74,h
2024,10,30,15,1,0.31,l
2024,10,30,21,21,0.78,h
2024,10,31,4,4,0.28,l
2024,10,31,9,45,0.67,h
2024,10,31,14,54,0.39,l
2024,10,31,21,30,0.89,h
2024,11,1,4,52,0.15,l
2024,11,1,10,43,0.59,h
2024,11,1,14,39,0.44,l
2024,11,1,21,47,1,h
2024,11,2,5,37,0.05,l
2024,11,2,11,41,0.52,h
2024,11,2,14,31,0.46,l
2024,11,2,22,7,1.09,h
2024,11,3,6,20,-0.03,l
2024,11,3,22,28,1.16,h
2024,11,4,7,3,-0.09,l
2024,11,4,22,50,1.21,h
2024,11,5,7,48,-0.12,l
2024,11,5,23,16,1.24,h
2024,11,6,8,37,-0.15,l
2024,11,6,23,50,1.24,h
2024,11,7,9,33,-0.17,l
2024,11,8,0,33,1.22,h
2024,11,8,10,36,-0.09,l
2024,11,9,1,29,1.17,h
2024,11,9,11,36,-0.17,l
2024,11,10,2,42,1.09,h
2024,11,10,12,34,-0.13,l
2024,11,11,4,19,0.98,h
2024,11,11,13,18,-0.06,l
2024,11,11,21,20,0.58,h
2024,11,11,23,0,0.57,l
2024,11,12,5,55,0.87,h
2024,11,12,13,51,0.06,l
2024,11,12,20,33,0.64,h
2024,11,13,1,36,0.41,l
2024,11,13,7,27,0.74,h
2024,11,13,14,12,0.2,l
2024,11,13,20,34,0.77,h
2024,11,14,2,58,0.2,l
2024,11,14,9,3,0.63,h
2024,11,14,14,20,0.32,l
2024,11,14,20,48,0.94,h
2024,11,15,4,4,-0.01,l
2024,11,15,10,34,0.52,h
2024,11,15,14,7,0.41,h
2024,11,16,5,5,-0.18,l
2024,11,16,12,15,0.44,h
2024,11,16,13,30,0.43,l
2024,11,16,21,42,1.24,h
2024,11,17,6,3,-0.3,l
2024,11,17,22,15,1.33,h
2024,11,18,7,0,-0.36,l
2024,11,18,22,52,1.36,h
2024,11,19,7,58,-0.36,l
2024,11,19,22,52,1.36,h
2024,11,20,8,56,-0.33,l
2024,11,21,0,15,1.27,h
2024,11,21,9,52,0.27,l
2024,11,22,1,2,1.17,h
2024,11,22,10,45,0.2,l
2024,11,23,1,53,1.04,h
2024,11,23,11,33,-0.12,l
2024,11,24,2,45,0.9,h
2024,11,24,12,12,-0.03,l
2024,11,25,4,12,0.76,h
2024,11,25,12,40,0.07,l
2024,11,25,20,43,0.61,h
2024,11,26,1,18,0.52,l
2024,11,26,5,41,0.62,h
2024,11,26,12,57,0.17,l
2024,11,26,20,18,0.68,h
2024,11,27,2,48,0.36,l
2024,11,27,7,17,0.5,h
2024,11,27,13,0,0.26,l
2024,11,27,20,16,0.77,h
2024,11,28,3,41,0.19,l
2024,11,28,8,49,0.42,h
2024,11,28,12,48,0.32,l
2024,11,28,20,25,0.89,h
2024,11,29,4,24,0.04,l
2024,11,29,10,15,0.37,h
2024,11,29,12,33,0.35,l
2024,11,29,20,42,1,h
2024,11,30,5,3,-0.09,l
2024,11,30,21,3,1.1,h
2024,12,1,5,40,-0.2,l
2024,12,1,21,27,1.18,h
2024,12,2,6,18,-0.27,l
2024,12,2,21,54,1.24,h
2024,12,3,6,56,-0.31,l
2024,12,3,21,54,1.24,h
2024,12,4,7,36,-0.33,l
2024,12,4,22,59,1.28,h
2024,12,5,8,21,-0.33,l
2024,12,5,23,40,1.25,h
2024,12,6,9,9,-0.31,l
2024,12,7,0,28,1.19,h
2024,12,7,10,0,-0.26,l
2024,12,8,1,24,1.07,h
2024,12,8,10,49,-0.19,l
2024,12,9,2,31,0.92,h
2024,12,9,11,33,-0.08,l
2024,12,10,3,57,0.72,h
2024,12,10,12,3,0.05,l
2024,12,10,19,13,0.59,h
2024,12,11,0,42,0.38,l
2024,12,11,5,45,0.53,h
2024,12,11,12,16,0.18,l
2024,12,11,19,18,0.74,h
2024,12,12,2,25,0.16,l
2024,12,12,8,2,0.38,h
2024,12,12,12,3,0.27,l
2024,12,12,19,36,0.91,h
2024,12,13,3,33,-0.07,l
2024,12,13,20,4,1.08,h
2024,12,14,4,29,-0.26,l
2024,12,14,20,37,1.22,h
2024,12,15,5,20,-0.39,l
2024,12,15,21,14,1.31,h
2024,12,16,6,9,-0.47,l
2024,12,16,21,54,1.35,h
2024,12,17,6,57,-0.48,l
2024,12,17,22,36,1.34,h
2024,12,18,7,43,-0.44,l
2024,12,18,23,18,1.28,h
2024,12,19,8,27,-0.37,l
2024,12,20,0,3,1.19,h
2024,12,20,9,9,-0.28,l
2024,12,21,0,3,1.19,h
2024,12,21,9,9,-0.28,l
2024,12,22,1,30,0.92,h
2024,12,22,10,20,-0.09,l
2024,12,23,2,14,0.75,h
2024,12,23,10,43,0.02,l
2024,12,23,20,3,0.51,h
2024,12,23,22,34,0.5,l
2024,12,24,3,5,0.57,h
2024,12,24,10,52,0.11,l
2024,12,24,18,54,0.59,h
2024,12,25,1,42,0.36,l
2024,12,25,4,41,0.39,h
2024,12,25,10,47,0.19,l
2024,12,25,18,54,0.59,h
2024,12,26,3,3,0.18,l
2024,12,26,7,22,0.25,h
2024,12,26,10,17,0.23,l
2024,12,26,19,7,0.81,h
2024,12,27,3,3,0.18,l
2024,12,27,7,22,0.25,h
2024,12,28,4,24,-0.14,l
2024,12,28,19,54,1.04,h
2024,12,29,4,57,-0.26,l
2024,12,29,20,24,1.14,h
2024,12,30,5,30,-0.35,l
2024,12,30,20,58,1.22,h
2024,12,31,6,4,-0.41,l
2024,12,31,21,36,1.27,h
